nombre_archivo_original,nombre de archivo en commons
20240320dicimouyplr0135.jpg,Conferencia de prensa lanzamiento de la Semana Criolla 2024 01.jpg
20240320dicimouyplr0142.jpg,Conferencia de prensa lanzamiento de la Semana Criolla 2024 02.jpg
20240320dicimouyplr0196.jpg,Conferencia de prensa lanzamiento de la Semana Criolla 2024 03.jpg
20240320dicimouyplr0164.jpg,Conferencia de prensa lanzamiento de la Semana Criolla 2024 04.jpg
20240320dicimouyplr0091.jpg,Conferencia de prensa lanzamiento de la Semana Criolla 2024 05.jpg
20240320dicimouyplr0117.jpg,Conferencia de prensa lanzamiento de la Semana Criolla 2024 06.jpg
20240320dicimouyplr0106.jpg,Conferencia de prensa lanzamiento de la Semana Criolla 2024 07.jpg
20240320dicimouyplr0116.jpg,Conferencia de prensa lanzamiento de la Semana Criolla 2024 08.jpg
20240320dicimouyplr0145.jpg,Conferencia de prensa lanzamiento de la Semana Criolla 2024 09.jpg
20240320dicimouyplr0065.jpg,Conferencia de prensa lanzamiento de la Semana Criolla 2024 10.jpg
20240320dicimouyplr0182.jpg,Conferencia de prensa lanzamiento de la Semana Criolla 2024 11.jpg
20240320dicimouyplr0185.jpg,Conferencia de prensa lanzamiento de la Semana Criolla 2024 12.jpg
20240322dicimouyplr0118.jpg,Llegada de tropillas e inscripciones Semana Criolla 2024 01.jpg
20240322dicimouyplr0038.jpg,Llegada de tropillas e inscripciones Semana Criolla 2024 02.jpg
20240322dicimouyplr0056.jpg,Llegada de tropillas e inscripciones Semana Criolla 2024 03.jpg
20240322dicimouyplr0256.jpg,Llegada de tropillas e inscripciones Semana Criolla 2024 04.jpg
20240322dicimouyplr0005.jpg,Llegada de tropillas e inscripciones Semana Criolla 2024 05.jpg
20240322dicimouyplr0065.jpg,Llegada de tropillas e inscripciones Semana Criolla 2024 06.jpg
20240322dicimouyplr0012.jpg,Llegada de tropillas e inscripciones Semana Criolla 2024 07.jpg
20240322dicimouyplr0101.jpg,Llegada de tropillas e inscripciones Semana Criolla 2024 08.jpg
20240322dicimouyplr0052.jpg,Llegada de tropillas e inscripciones Semana Criolla 2024 09.jpg
20240322dicimouyplr0004.jpg,Llegada de tropillas e inscripciones Semana Criolla 2024 10.jpg
20240322dicimouyplr0195.jpg,Llegada de tropillas e inscripciones Semana Criolla 2024 11.jpg
20240322dicimouyplr0026.jpg,Llegada de tropillas e inscripciones Semana Criolla 2024 12.jpg
20240322dicimouyplr0140.jpg,Llegada de tropillas e inscripciones Semana Criolla 2024 13.jpg
20240322dicimouyplr0268.jpg,Llegada de tropillas e inscripciones Semana Criolla 2024 14.jpg
20240322dicimouyplr0290.jpg,Llegada de tropillas e inscripciones Semana Criolla 2024 15.jpg
20240322dicimouyplr0109.jpg,Llegada de tropillas e inscripciones Semana Criolla 2024 16.jpg
20240322dicimouyplr0124.jpg,Llegada de tropillas e inscripciones Semana Criolla 2024 17.jpg
20240323dicimouyplr0043.jpg,Ceremonia inaugural de la semana Criolla 2024 01.jpg
20240323dicimouyplr0175.jpg,Ceremonia inaugural de la semana Criolla 2024 02.jpg
20240323dicimouyplr0180.jpg,Ceremonia inaugural de la semana Criolla 2024 03.jpg
20240323dicimouyplr0060.jpg,Ceremonia inaugural de la semana Criolla 2024 04.jpg
20240323dicimouyplr0065.jpg,Ceremonia inaugural de la semana Criolla 2024 05.jpg
20240323dicimouyplr0171.jpg,Ceremonia inaugural de la semana Criolla 2024 06.jpg
20240323dicimouyplr0144.jpg,Ceremonia inaugural de la semana Criolla 2024 07.jpg
20240323dicimouyplr0149.jpg,Ceremonia inaugural de la semana Criolla 2024 08.jpg
20240323dicimouyplr0121.jpg,Ceremonia inaugural de la semana Criolla 2024 09.jpg
20240323dicimouyplr0124.jpg,Ceremonia inaugural de la semana Criolla 2024 10.jpg
20240323dicimouyplr0076.jpg,Ceremonia inaugural de la semana Criolla 2024 11.jpg
20240323dicimouyplr0097.jpg,Ceremonia inaugural de la semana Criolla 2024 12.jpg
20240323dicimouysm0456.jpg,Ceremonia inaugural de la semana Criolla 2024 13.jpg
20240323dicimouysm0458.jpg,Ceremonia inaugural de la semana Criolla 2024 14.jpg
20240323dicimouysm0468.jpg,Ceremonia inaugural de la semana Criolla 2024 15.jpg
20240323dicimouysm0474.jpg,Ceremonia inaugural de la semana Criolla 2024 16.jpg
20240323dicimouysm0486.jpg,Ceremonia inaugural de la semana Criolla 2024 17.jpg
20240323dicimouysm0488.jpg,Ceremonia inaugural de la semana Criolla 2024 18.jpg
20240323dicimouysm0495.jpg,Ceremonia inaugural de la semana Criolla 2024 19.jpg
20240323dicimouysm0504.jpg,Ceremonia inaugural de la semana Criolla 2024 20.jpg
20240323dicimouysm0544.jpg,Ceremonia inaugural de la semana Criolla 2024 21.jpg
whatsappimage2024-03-23at19.39.23.jpeg,Ceremonia inaugural de la semana Criolla 2024 22.jpg
whatsappimage2024-03-23at19.39.21.jpeg,Ceremonia inaugural de la semana Criolla 2024 23.jpg
whatsappimage2024-03-23at19.39.20.jpeg,Ceremonia inaugural de la semana Criolla 2024 24.jpg
whatsappimage2024-03-23at19.39.19.jpeg,Ceremonia inaugural de la semana Criolla 2024 25.jpg
20240323dicimouysm0553.jpg,Ceremonia inaugural de la semana Criolla 2024 26.jpg
20240323dicimouysm1389.jpg,Ceremonia inaugural de la semana Criolla 2024 27.jpg
20240323dicimouysm1408.jpg,Ceremonia inaugural de la semana Criolla 2024 28.jpg
20240323dicimouysm1434.jpg,Ceremonia inaugural de la semana Criolla 2024 29.jpg
20240323dicimouysm1474.jpg,Ceremonia inaugural de la semana Criolla 2024 30.jpg
20240323dicimouysm1545.jpg,Ceremonia inaugural de la semana Criolla 2024 31.jpg
20240323dicimouysm1670.jpg,Ceremonia inaugural de la semana Criolla 2024 32.jpg
20240323dicimouysm1685.jpg,Ceremonia inaugural de la semana Criolla 2024 33.jpg
20140101dicimouyvc0017.jpg,
20140101dicimouyvc0020.jpg,
20140101dicimouyvc0027.jpg,
20140101dicimouyvc0034.jpg,
20140104dicimouyem0089.jpg,
20140105dicimouyem0045.jpg,
20140105dicimouyem0068.jpg,
20140105dicimouyem0073.jpg,
20140105dicimouyem0097.jpg,
20140105dicimouyem0101.jpg,
20140105dicimouyem0116.jpg,
20230818dicimouysm26540.jpg,
20230818dicimouysm26550.jpg,
20230818dicimouysm26559.jpg,
20230818dicimouysm26563.jpg,
20230818dicimouysm26572.jpg,
20230831dicimouyem0003.jpg,
20230831dicimouyem0011.jpg,
20230831dicimouyem0114.jpg,
20230831dicimouyem0126.jpg,
20230928dicimouyit0018.jpg,
20230928dicimouyit0057.jpg,
20230928dicimouyit0064.jpg,
20230928dicimouyit0085.jpg,
20230928dicimouyit0087.jpg,
20230928dicimouyit0097.jpg,
20230928dicimouyit0099.jpg,
20230928dicimouyit0100.jpg,
20230928dicimouyit0104.jpg,
20230928dicimouyit0113.jpg,
20230928dicimouyit0119.jpg,
20230928dicimouyit0144.jpg,
20230928dicimouyit0145.jpg,
20230928dicimouyit0154.jpg,
20230928dicimouyit0160.jpg,
20230928dicimouyit0176.jpg,
20230928dicimouyit0179.jpg,
20230928dicimouyit0182.jpg,
20231025dicimouyvc0090.jpg,
20231107dicimouysm1009.jpg,
20231107dicimouysm1011.jpg,
20231107dicimouysm1017.jpg,
20231107dicimouysm1022.jpg,
20231107dicimouysm1030.jpg,
20231107dicimouysm1035.jpg,
20231107dicimouysm1039.jpg,
20231107dicimouysm1056.jpg,
20231107dicimouysm1064.jpg,
20231107dicimouysm1074.jpg,
20231107dicimouysm1076.jpg,
20231128dicimouyem0107.jpg,
20231128dicimouyem0123.jpg,
20231128dicimouyem0147.jpg,
20231128dicimouyem0160.jpg,
20231128dicimouyem0163.jpg,
20231128dicimouyem0164.jpg,
20231128dicimouyem0168.jpg,
20231128dicimouyem0181.jpg,
20240124dicimouysm1106.jpg,
20240124dicimouysm1133.jpg,
20240124dicimouysm1152.jpg,
20240124dicimouysm1164.jpg,
20240124dicimouysm1171.jpg,
20240220dicimouysm4299.jpg,
20240220dicimouysm4309.jpg,
20240220dicimouysm4312.jpg,
20240220dicimouysm4318.jpg,
20240220dicimouysm4319.jpg,
20240220dicimouysm4324.jpg,
20240220dicimouysm4329.jpg,
20240220dicimouysm4333.jpg,
20240220dicimouysm4336.jpg,
20240220dicimouysm4340.jpg,
20240220dicimouysm4356.jpg,
20240220dicimouysm4358.jpg,
20240220dicimouysm4360.jpg,
20240220dicimouysm4371.jpg,
20240220dicimouysm4377.jpg,
20240220dicimouysm4385.jpg,
20240220dicimouysm4387.jpg,
20240220dicimouysm4388.jpg,
20240220dicimouysm4391.jpg,
20240220dicimouysm4399.jpg,
mg2173.jpg,
mg2217.jpg,
mg2229.jpg,
mg2268.jpg,
mg2123.jpg,
mg2234.jpg,
mg2269.jpg,
mg2144.jpg,
mg2363.jpg,
mg2309.jpg,
mg2284.jpg,
mg2272.jpg,
mg2175.jpg,
mg2290.jpg,
imf0280.jpg,
imf0228.jpg,
imf0162.jpg,
imf0260.jpg,
imf0302.jpg,
imf2304.jpg,
imf2278.jpg,
imf2244.jpg,
imf2311.jpg,
imf2292.jpg,
imf2258.jpg,
mg9606.jpg,
mg9602.jpg,
mg9552.jpg,
mg9597.jpg,
mg9532.jpg,
mg9631.jpg,
mg9596.jpg,
mg9579.jpg,
mg9570.jpg,
mg9568.jpg,
dsc1436v1.jpg,
mg9653.jpg,
mg9567.jpg,
mg9614.jpg,
mg9585.jpg,
mg9578.jpg,
dsc4574.jpg,
dsc4583.jpg,
dsc4622.jpg,
dsc4838.jpg,
20201130dicimouyaf149332.jpg,
20201130dicimouyaf007190.jpg,
20201130dicimouyaf004187.jpg,
20201130dicimouyaf005188.jpg,
20201130dicimouyaf002185.jpg,
20201130dicimouyaf009192.jpg,
20201130dicimouyaf105288.jpg,
20210921dicimouyaf518.jpg,
20210921dicimouyaf550.jpg,
20210921dicimouyaf650.jpg,
20210921dicimouyaf490v1.jpg,
20210921dicimouyaf245.jpg,
20210921dicimouyaf443v1.jpg,
20210921dicimouyaf385.jpg,
20210921dicimouyaf342.jpg,
20210921dicimouyaf505.jpg,
20210921dicimouyaf198.jpg,
20210921dicimouyaf222.jpg,
20210921dicimouyaf495.jpg,
20210921dicimouyaf634.jpg,
20210921dicimouyaf574.jpg,
20211021dicmouysm0296.jpg,
20211021dicmouysm0282.jpg,
20211021dicmouysm0273.jpg,
20211021dicmouysm0251.jpg,
20211021dicmouysm0233.jpg,
20211021dicmouysm0198.jpg,
20211021dicmouysm0164.jpg,
20211021dicmouysm0179.jpg,
20211021dicmouysm0107.jpg,
20211021dicmouysm0150.jpg,
20211021dicmouysm0070.jpg,
20211021dicmouysm0085.jpg,
20211208dicimouyaf0097.jpg,
20211208dicimouyaf0038.jpg,
20211208dicimouyaf0111.jpg,
20211208dicimouyaf0101.jpg,
20211208dicimouyaf0079.jpg,
20211208dicimouyaf0132.jpg,
20211208dicimouyaf0049.jpg,
20211208dicimouyaf0022.jpg,
20211208dicimouyaf0121.jpg,
20211208dicimouyaf0091v1.jpg,
art2293b.jpg,
20220323dicimouysm0104-2.jpg,
20220323dicimouysm0077-2.jpg,
20220323dicimouysm0052-2.jpg,
20220323dicimouysm0032-2.jpg,
20220323dicimouysm0097.jpg,
20220323dicimouysm0052.jpg,
20220323dicimouysm0084-2.jpg,
20220323dicimouysm0037.jpg,
20220323dicimouysm0166.jpg,
20220323dicimouysm0083.jpg,
20220323dicimouysm0138.jpg,
20220323dicimouysm0042-2.jpg,
20220905dicimouyvc0394.jpg,
20220905dicimouyvc0241.jpg,
20220905dicimouyvc0338.jpg,
20220905dicimouyvc0278.jpg,
20220905dicimouyvc0364.jpg,
20220905dicimouyvc0118.jpg,
20220905dicimouyvc0383.jpg,
20220905dicimouyvc0302.jpg,
20220905dicimouyvc0336.jpg,
20220905dicimouyvc0316.jpg,
20220905dicimouyvc0205.jpg,
20220905dicimouyvc0322.jpg,
20220930dicimouysm1277.jpg,
20220930dicimouysm1225.jpg,
20220930dicimouysm1167.jpg,
20220930dicimouysm1210.jpg,
20220930dicimouysm1222.jpg,
20220930dicimouysm1215.jpg,
20220930dicimouysm1114.jpg,
20220930dicimouysm1147.jpg,
20220930dicimouysm1254.jpg,
20220930dicimouysm1092.jpg,
20220930dicimouysm1239.jpg,
20220930dicimouysm1025.jpg,
20220930dicimouysm1231.jpg,
20220930dicimouysm1046.jpg,
20220930dicimouysm1021.jpg,
20221119mzz8513.jpg,
20221119mzz8598.jpg,
20221119mzz8443.jpg,
20221119mzz8291.jpg,
20221119mzz8441.jpg,
20221123dicimouyaf0121v1.jpg,
20221123dicimouyaf0133.jpg,
20221123dicimouyaf0125v1.jpg,
20221123dicimouyaf0136.jpg,
20221123dicimouyaf0124.jpg,
20221123dicimouyaf0117.jpg,
20221123dicimouyaf0137.jpg,
20221123dicimouyaf0115.jpg,
20221123dicimouyaf0128.jpg,
20221123dicimouyaf0118.jpg,
20221123dicimouyaf0130.jpg,
20221123dicimouyaf0120.jpg,
20221123dicimouyaf0123.jpg,
20221123dicimouyaf0132.jpg,
20221123dicimouyaf0116v1.jpg,
20221123dicimouyaf0114v1.jpg,
intendentacondianedenoir.jpg,
dianedenoir.jpg,
20230811dicimouyit0001.jpg,
20230811dicimouyit0005.jpg,
20230811dicimouyit0004.jpg,
20230811dicimouyit0002.jpg,
20230811dicimouyit0003.jpg,
20231120dicimouyaf0094v1.jpg,
20231120dicimouyaf0031v1.jpg,
20231120dicimouyaf0022v1.jpg,
20231120dicimouyaf0106v2.jpg,
20231120dicimouyaf0060v1.jpg,
20231120dicimouyaf0079v1.jpg,
20231120dicimouyaf0067v1.jpg,
20231120dicimouyaf0083v1.jpg,
20231120dicimouyaf0107v2.jpg,
20231120dicimouyaf0086v1.jpg,
20231120dicimouyaf0081v1.jpg,
20231120dicimouyaf0032v1.jpg,
20231120dicimouyaf0057v1.jpg,
20231120dicimouyaf0034v1.jpg,
20231120dicimouyaf0028v1.jpg,
20231120dicimouyaf0056v1.jpg,
20231120dicimouyaf0061v1.jpg,
20231120dicimouyaf0097v1.jpg,
20231120dicimouyaf0071v2.jpg,
20231120dicimouyaf0072v1.jpg,
20231120dicimouyaf0066v1.jpg,
20231120dicimouyaf0042v1.jpg,
dsc6462.jpg,
dsc4304.jpg,
dsc4440.jpg,
dsc4299.jpg,
dsc6494.jpg,
dsc4324.jpg,
dsc6576.jpg,
dsc4295.jpg,
dsc4478.jpg,
dsc4393.jpg,
dsc4359.jpg,
dsc4328.jpg,
dsc4375.jpg,
dsc6481.jpg,
dsc4315.jpg,
dsc4525.jpg,
20240223dicimouysm5490.jpg,
20240223dicimouysm5560.jpg,
20240223dicimouysm5552.jpg,
20240223dicimouysm5463.jpg,
20240223dicimouysm5515.jpg,
20240223dicimouysm5429.jpg,
20240223dicimouysm5416.jpg,
20240223dicimouysm5474.jpg,
20240223dicimouysm5503.jpg,
20240223dicimouysm5518.jpg,
20240223dicimouysm5531.jpg,
20240223dicimouysm5460.jpg,
20240224-dicimouyit0010.jpg,
20240224-dicimouyit0113.jpg,
20240224-dicimouyit0207.jpg,
20240224-dicimouyit0260.jpg,
20240224-dicimouyit0232.jpg,
20240224-dicimouyit0200.jpg,
20240224-dicimouyit0185.jpg,
20240224-dicimouyit0086.jpg,
20240224-dicimouyit0102.jpg,
20240224-dicimouyit0064.jpg,
20240224-dicimouyit0174.jpg,
20240224-dicimouyit0216.jpg,
20240224-dicimouyit0162.jpg,
20240224-dicimouyit0098.jpg,
20240224-dicimouyit0238.jpg,
20240224-dicimouyit0119.jpg,
20240224-dicimouyit0245.jpg,
20240224-dicimouyit0189.jpg,
20240224-dicimouyit0187.jpg,
20240224-dicimouyit0146.jpg,
20240320dicimouyplr0135.jpg,
20240320dicimouyplr0142.jpg,
20240320dicimouyplr0196.jpg,
20240320dicimouyplr0164.jpg,
20240320dicimouyplr0091.jpg,
20240320dicimouyplr0117.jpg,
20240320dicimouyplr0106.jpg,
20240320dicimouyplr0116.jpg,
20240320dicimouyplr0145.jpg,
20240320dicimouyplr0065.jpg,
20240320dicimouyplr0182.jpg,
20240320dicimouyplr0185.jpg,
20240322dicimouyplr0118.jpg,
20240322dicimouyplr0038.jpg,
20240322dicimouyplr0056.jpg,
20240322dicimouyplr0256.jpg,
20240322dicimouyplr0005.jpg,
20240322dicimouyplr0065.jpg,
20240322dicimouyplr0012.jpg,
20240322dicimouyplr0101.jpg,
20240322dicimouyplr0052.jpg,
20240322dicimouyplr0004.jpg,
20240322dicimouyplr0195.jpg,
20240322dicimouyplr0026.jpg,
20240322dicimouyplr0140.jpg,
20240322dicimouyplr0268.jpg,
20240322dicimouyplr0290.jpg,
20240322dicimouyplr0109.jpg,
20240322dicimouyplr0124.jpg,
20240323dicimouyplr0043.jpg,
20240323dicimouyplr0175.jpg,
20240323dicimouyplr0180.jpg,
20240323dicimouyplr0060.jpg,
20240323dicimouyplr0065.jpg,
20240323dicimouyplr0171.jpg,
20240323dicimouyplr0144.jpg,
20240323dicimouyplr0149.jpg,
20240323dicimouyplr0121.jpg,
20240323dicimouyplr0124.jpg,
20240323dicimouyplr0076.jpg,
20240323dicimouyplr0097.jpg,
20240323dicimouysm0456.jpg,
20240323dicimouysm0458.jpg,
20240323dicimouysm0468.jpg,
20240323dicimouysm0474.jpg,
20240323dicimouysm0486.jpg,
20240323dicimouysm0488.jpg,
20240323dicimouysm0495.jpg,
20240323dicimouysm0504.jpg,
20240323dicimouysm0544.jpg,
whatsappimage2024-03-23at19.39.23.jpeg,
whatsappimage2024-03-23at19.39.21.jpeg,
whatsappimage2024-03-23at19.39.20.jpeg,
whatsappimage2024-03-23at19.39.19.jpeg,
20240323dicimouysm0553.jpg,
20240323dicimouysm1389.jpg,
20240323dicimouysm1408.jpg,
20240323dicimouysm1434.jpg,
20240323dicimouysm1474.jpg,
20240323dicimouysm1545.jpg,
20240323dicimouysm1670.jpg,
20240323dicimouysm1685.jpg,
20240308-dicimouyit0039.jpg,
20240308-dicimouyit0045.jpg,
20240308-dicimouyit0059.jpg,
20240308-dicimouyit0069.jpg,
20240308-dicimouyit0080.jpg,
20240308-dicimouyit0087.jpg,
20240308-dicimouyit0100.jpg,
20240308-dicimouyit0190.jpg,
20240308-dicimouyit0193.jpg,
20240308-dicimouyit0196.jpg,
20240308-dicimouyit0209.jpg,
20240308-dicimouyit0211.jpg,
20240308-dicimouyit0217.jpg,
20240308-dicimouyit0223.jpg,
20240308-dicimouyit0227-mejorado-nr.jpg,
20240308-dicimouyit0234-mejorado-nr.jpg,
20240209dicimouyaf00032v1.jpg,
20240209dicimouyaf00046v1.jpg,
20240209dicimouyaf00038.jpg,
20240209dicimouyaf00053.jpg,
20240209dicimouyaf00099.jpg,
20240209dicimouyaf00106.jpg,
20240209dicimouyaf00009.jpg,
20240209dicimouyaf00031.jpg,
20240209dicimouyaf00073.jpg,
20240209dicimouyaf00098.jpg,
20240209dicimouyaf00096.jpg,
20240209dicimouyaf00103.jpg,
20240209dicimouyaf00054.jpg,
20240209dicimouyaf00037.jpg,
20240209dicimouyaf00065.jpg,
20240209dicimouyaf00036.jpg,
20240209dicimouyaf00023.jpg,
20240209-dicimouyit0190.jpg,
20240209-dicimouyit0141.jpg,
20240209-dicimouyit0481.jpg,
20240209-dicimouyit0022.jpg,
20240209-dicimouyit0560.jpg,
20240209-dicimouyit0016.jpg,
20240209-dicimouyit0057.jpg,
20240209-dicimouyit0112.jpg,
20240209-dicimouyit0162.jpg,
20240209-dicimouyit0128.jpg,
20240209-dicimouyit0499.jpg,
20240209-dicimouyit0422.jpg,
20240209-dicimouyit0074.jpg,
20240209-dicimouyit0103.jpg,
20240209-dicimouyit0200.jpg,
20240209-dicimouyit0685.jpg,
20240209-dicimouyit0279.jpg,
20240209-dicimouyit0419.jpg,
20240210-dicimouyit0354.jpg,
20240209-dicimouyit0220.jpg,
20240209-dicimouyit0408.jpg,
20230613dicimouyap0018.jpg,
20230613dicimouyap0027.jpg,
20230613dicimouyap0037.jpg,
20230613dicimouyap0040.jpg,
20230613dicimouyap0057.jpg,
20230613dicimouyap0070.jpg,
20230613dicimouyap0082.jpg,
20230613dicimouyap0100.jpg,
20230613dicimouyap0116.jpg,
20230613dicimouyap0120.jpg,
20230613dicimouyap0128.jpg,
20230613dicimouyap0132.jpg,
20230613dicimouyap0141.jpg,
20230613dicimouyap0152.jpg,
20230613dicimouyap0165.jpg,
20230613dicimouyap0176.jpg,
20230613dicimouyap0192.jpg,
20230613dicimouyap0246.jpg,
20230613dicimouyap0278.jpg,
20230810dicimouyap0049.jpg,
20230810dicimouyap0053.jpg,
20230810dicimouyap0057.jpg,
20230810dicimouyap0067.jpg,
20230810dicimouyap0071.jpg,
20230810dicimouyap0075.jpg,
20230810dicimouyap0078.jpg,
20230810dicimouyap0082.jpg,
20230810dicimouyap0099.jpg,
20230810dicimouyap0107.jpg,
20230810dicimouyap0119.jpg,
20230810dicimouyap0147.jpg,
20230810dicimouyap0152.jpg,
20230810dicimouyap0161.jpg,
20230810dicimouyap0178.jpg,
20230810dicimouyap0198.jpg,
20230810dicimouyap0204.jpg,
20230810dicimouyap0207.jpg,
20230810dicimouyap0209.jpg,
20230810dicimouyap0213.jpg,
20230810dicimouyap0225.jpg,
20230810dicimouyap0236.jpg,
20230810dicimouyap0242.jpg,
20230810dicimouyap0244.jpg,
20230810dicimouyap0255.jpg,
20230810dicimouyap0265.jpg,
20231023dicimouyem0007.jpg,
20231023dicimouyem0013.jpg,
20231023dicimouyem0023.jpg,
20231023dicimouyem0040.jpg,
20231023dicimouyem0044.jpg,
20231023dicimouyem0049.jpg,
20231023dicimouyem0057.jpg,
20231023dicimouyem0059.jpg,
20231023dicimouyem0067.jpg,
20231023dicimouyem0070.jpg,
20231023dicimouyem0071.jpg,
20231023dicimouyem0090.jpg,
20231023dicimouyem0102.jpg,
20231023dicimouyem0111.jpg,
20231204dicimouyem0008.jpg,
20231204dicimouyem0011.jpg,
20231204dicimouyem0020.jpg,
20231204dicimouyem0041.jpg,
20231204dicimouyem0046.jpg,
20231204dicimouyem0058.jpg,
20231204dicimouyem0068.jpg,
20231204dicimouyem0080.jpg,
20231204dicimouyem0101.jpg,
20231204dicimouyem0121.jpg,
20231204dicimouyem0133.jpg,
20231204dicimouyem0138.jpg,
20240211dicimouysm0736.jpg,
20240211dicimouysm0762.jpg,
20240211dicimouysm0819.jpg,
20240211dicimouysm0834.jpg,
20240211dicimouysm0880.jpg,
20240211dicimouysm0948.jpg,
20240211dicimouysm1062.jpg,
20240211dicimouysm1132.jpg,
20240211dicimouysm1167.jpg,
20240211dicimouysm1182.jpg,
20240211dicimouysm1204.jpg,
20240211dicimouysm1278.jpg,
20240211dicimouysm1415.jpg,
20240211dicimouysm1439.jpg,
20240211dicimouysm1466.jpg,
20240211dicimouysm1561.jpg,
20240211dicimouysm1643.jpg,
20240211dicimouysm1693.jpg,
20240211dicimouysm1988.jpg,
20240211dicimouysm2036.jpg,
20240211dicimouysm2051.jpg,
20240211dicimouysm2126.jpg,
20240212dicimouysm2212.jpg,
20240212dicimouysm2255.jpg,
20240319dicimouyaf0025.jpg,
20240319dicimouyaf0032.jpg,
20240319dicimouyaf0033.jpg,
20240319dicimouyaf0035.jpg,
20240319dicimouyaf0037.jpg,
20240319dicimouyaf0042.jpg,
20240319dicimouyaf0045.jpg,
20240319dicimouyaf0046.jpg,
20240319dicimouyaf0048.jpg,
20240319dicimouyaf0051.jpg,
20240319dicimouyaf0053.jpg,
20240319dicimouyaf0055.jpg,
20240319dicimouyaf0066.jpg,
20240319dicimouyaf0070.jpg,
20240319dicimouyaf0073v1.jpg,
20240319dicimouyaf0077v1.jpg,
20240319dicimouyaf0078v1.jpg,
20240319dicimouyaf0080.jpg,
20240319dicimouyaf0084.jpg,
20211106dicimouyvc0065.jpg,
20211106dicimouyvc0066.jpg,
20211106dicimouyvc0067.jpg,
20211106dicimouyvc0068.jpg,
20211106dicimouyvc0069.jpg,
20211106dicimouyvc0070.jpg,
20211106dicimouyvc0071.jpg,
20211106dicimouyvc0072.jpg,
20211106dicimouyvc0073.jpg,
20240202dicimouysm7755.jpg,
20240202dicimouysm7734.jpg,
20240202dicimouysm7747.jpg,
20230626dicimouyem0044-2.jpg,
20230626dicimouyem0068-2.jpg,
20230626dicimouyem0100-2.jpg,
20230626dicimouyem0001-2.jpg,
20230626dicimouyem0070-2.jpg,
20230626dicimouyem0004-2.jpg,
20230626dicimouyem0058-2.jpg,
20230626dicimouyem0057-2.jpg,
20230626dicimouyem0015-2.jpg,
20230626dicimouyem0085-2.jpg,
20231213dicimouysm1026.jpg,
20231213dicimouysm1005.jpg,
20231213dicimouysm1032.jpg,
20231213dicimouysm1011.jpg,
20231213dicimouysm1002.jpg,
20231213dicimouysm1043.jpg,
20231213dicimouysm1023.jpg,
20231213dicimouysm1021.jpg,
20231213dicimouysm1052.jpg,
20140101dicimouyem0059-3.jpg,
20140101dicimouyem0095-3.jpg,
20140101dicimouyem0089-3.jpg,
20140101dicimouyem0062-3.jpg,
20140101dicimouyem0104-3.jpg,
20140101dicimouyem0014-3.jpg,
20140101dicimouyem0101-3.jpg,
20140101dicimouyem0009-3.jpg,
20140101dicimouyem0081-3.jpg,
20140101dicimouyem0046-3.jpg,
20140101dicimouyem0022-3.jpg,
20140101dicimouyem0033-3.jpg,
jfg8357.jpg,
jfg8335.jpg,
jfg8362.jpg,
jfg8326.jpg,
img6205.jpg,
img6203.jpg,
img6200.jpg,
img6198.jpg,
20240216dicimouyaf0006.jpg,
20240216dicimouyaf0009.jpg,
20240216dicimouyaf0015.jpg,
20240216dicimouyaf0017.jpg,
20240216dicimouyaf0004.jpg,
20240216dicimouyaf0007.jpg,
20240216dicimouyaf0010.jpg,
20240216dicimouyaf0002.jpg,
imf0720.jpg,
imf0723.jpg,
20230914dicimouysm29389.jpg,
20230914dicimouysm29424.jpg,
20230914dicimouysm29414.jpg,
20230914dicimouysm29420.jpg,
20230914dicimouysm29397.jpg,
20230914dicimouysm29434.jpg,
20231019dicimouysm1030.jpg,
20231019dicimouysm1007.jpg,
20231019dicimouysm1022.jpg,
20231019dicimouysm1053.jpg,
20231019dicimouysm1002.jpg,
20231019dicimouysm1042.jpg,
20231019dicimouysm1012.jpg,
20231019dicimouysm1025.jpg,
20230623dicimouysm19505.jpg,
20230623dicimouysm19440.jpg,
20230623dicimouysm19497.jpg,
20230623dicimouysm19499.jpg,
20230623dicimouysm19526.jpg,
20230623dicimouysm19455.jpg,
20230623dicimouysm19465.jpg,
20230623dicimouysm19470.jpg,
20230623dicimouysm19484.jpg,
20230623dicimouysm19537.jpg,
20230623dicimouysm19459.jpg,
20231214dicimouyplr0034.jpg,
20231214dicimouyplr0098.jpg,
20231214dicimouyplr0103.jpg,
20231214dicimouyplr0087.jpg,
20231214dicimouyplr0188.jpg,
20231214dicimouyplr0053.jpg,
20231214dicimouyplr0096.jpg,
20231214dicimouyplr0084.jpg,
20231214dicimouyplr0097.jpg,
20231214dicimouyplr0019.jpg,
20231214dicimouyplr0147.jpg,
20231214dicimouyplr0104.jpg,
20231214dicimouyplr0054.jpg,
20231214dicimouyplr0200.jpg,
20231214dicimouyplr0040.jpg,
20231214dicimouyplr0089.jpg,
20231214dicimouyplr0013.jpg,
20220209dicimouyap0041.jpg,
20220209dicimouyap0048.jpg,
20220209dicimouyap0064.jpg,
20220209dicimouyap0061.jpg,
20220209dicimouyap0072.jpg,
20220209dicimouyap0088.jpg,
20220209dicimouyap0024.jpg,
20220209dicimouyap0043.jpg,
20220209dicimouyap0054.jpg,
20220209dicimouyap0058.jpg,
20220209dicimouyap0055.jpg,
20220209dicimouyap0046.jpg,
20220209dicimouyap0019.jpg,
20220209dicimouyap0009.jpg,
20220209dicimouyap0087.jpg,
20220209dicimouyap0003.jpg,
20131231dicimouyem0009-9.jpg,
20131231dicimouyem0014-9.jpg,
20131231dicimouyem0011-9.jpg,
20231205dicimouysm1040.jpg,
20231205dicimouysm1022.jpg,
20231205dicimouysm1026.jpg,
20231205dicimouysm1036.jpg,
20231205dicimouysm1014.jpg,
20231205dicimouysm1018.jpg,
20231205dicimouysm1019.jpg,
20231205dicimouysm1000.jpg,
20240207dicimouysm9188.jpg,
20240207dicimouysm9185.jpg,
20240207dicimouysm9197.jpg,
20240207dicimouysm9229.jpg,
20240207dicimouysm9223.jpg,
20240207dicimouysm9216.jpg,
20140101dicimouyem0122.jpg,
20140101dicimouyem0159.jpg,
20140101dicimouyem0042.jpg,
20140101dicimouyem0050.jpg,
20140101dicimouyem0022.jpg,
20230719dicimouysm22078.jpg,
20230719dicimouysm22133.jpg,
20230719dicimouysm22067.jpg,
20230719dicimouysm22159.jpg,
20230719dicimouysm22093.jpg,
20230719dicimouysm22069.jpg,
20230719dicimouysm22108.jpg,
20230719dicimouysm22183.jpg,
20231123-dicimouyit10720.jpg,
20231123-dicimouyit10707.jpg,
20231123-dicimouyit10701.jpg,
20231123-dicimouyit10711.jpg,
20231123-dicimouyit10726.jpg,
20231122dicimouysm1082.jpg,
20231122dicimouysm1035.jpg,
20231122dicimouysm1092.jpg,
20231122dicimouysm1073.jpg,
20231122dicimouysm1038.jpg,
20231122dicimouysm1049.jpg,
20231122dicimouysm1001.jpg,
20231122dicimouysm1062.jpg,
20231122dicimouysm1044.jpg,
20231122dicimouysm1027.jpg,
20231122dicimouysm1003.jpg,
20231122dicimouysm1055.jpg,
20231122dicimouysm1071.jpg,
20240131dicimouysm6798.jpg,
20240131dicimouysm6847.jpg,
20240131dicimouysm6830.jpg,
20240131dicimouysm6805.jpg,
20240131dicimouysm6781.jpg,
20240131dicimouysm6818.jpg,
20240131dicimouysm6815.jpg,
20240131dicimouysm6838.jpg,
20240131dicimouysm6823.jpg,
20240307 - DICIMOUYIT 0201.jpg,
20240307-dicimouyit0007.jpg,
20240307-dicimouyit0021.jpg,
20240307-dicimouyit0050.jpg,
20240307-dicimouyit0072.jpg,
20240307-dicimouyit0130.jpg,
20240307-dicimouyit0249.jpg,
20240307-dicimouyit0261.jpg,
20240307-dicimouyit0275.jpg,
20240307-dicimouyit0285.jpg,
20240307-dicimouyit0310.jpg,
20240307-dicimouyit0327.jpg,
20240307-dicimouyit0337.jpg,
20240307-dicimouyit0338-mejorado-nr.jpg,
dsc3943.jpg,
dsc3945.jpg,
dsc3947.jpg,
dsc3951.jpg,
dsc3956.jpg,
dsc3959.jpg,
dsc3961.jpg,
dsc3966.jpg,
dsc3967.jpg,
dsc3968.jpg,
dsc3976.jpg,
dsc3980.jpg,
dsc3987.jpg,
dsc3983.jpg,
dsc3953.jpg,
dsc3955.jpg,
mg5636.jpg,
mg5633.jpg,
mg5640.jpg,
mg5646.jpg,
mg5647.jpg,
mg5648.jpg,
mg5629.jpg,
maquetav1.jpg,
mg5638v1.jpg,
mg5667.jpg,
cortedecinta1v1.jpg,
mg5765.jpg,
mg5621.jpg,
mg5616.jpg,
mg5787.jpg,
mg5656.jpg,
dsc01197.jpg,
dsc01181.jpg,
dsc01238.jpg,
dsc01177.jpg,
dsc01216.jpg,
20240319dicimouyaf0086.jpg,
20240319dicimouyaf0088.jpg,
20240319dicimouyaf0101.jpg,
20240319dicimouyaf0105.jpg,
20240319dicimouyaf0113.jpg,
20240319dicimouyaf0117.jpg,
20240319dicimouyaf0119.jpg,
20240319dicimouyaf0122.jpg,
20240319dicimouyaf0125.jpg,
20240319dicimouyaf0128.jpg,
20240319dicimouyaf0131.jpg,
20240319dicimouyaf0136.jpg,
20240319dicimouyaf0139.jpg,
20240320dicimouyplr0032.jpg,
20240320dicimouyplr0053.jpg,
20240320dicimouyplr0063.jpg,
20240320dicimouyplr0082.jpg,
20240320dicimouyplr0087.jpg,
20240320dicimouyplr0097.jpg,
20240320dicimouyplr0134.jpg,
20240320dicimouyplr0154.jpg,
20240320dicimouyplr0159.jpg,
20220613dicimouyvc0009.jpg,
20220613dicimouyvc0020.jpg,
20220613dicimouyvc0007.jpg,
20220613dicimouyvc0033.jpg,
20220613dicimouyvc0025.jpg,
20231201dicimouysm1090.jpg,
20231201dicimouysm1081.jpg,
20131231dicimouyem0149-2.jpg,
20131231dicimouyem0100-2.jpg,
20131231dicimouyem0223-2.jpg,
20131231dicimouyem0079-2.jpg,
20131231dicimouyem0038-2.jpg,
20131231dicimouyem0074-2.jpg,
20131231dicimouyem0155-2.jpg,
20131231dicimouyem0265-2.jpg,
20131231dicimouyem0271-2.jpg,
20131231dicimouyem0228-2.jpg,
20131231dicimouyem0122-2.jpg,
20131231dicimouyem0118-2.jpg,
20131231dicimouyem0236-2.jpg,
20131231dicimouyem0242-2.jpg,
20131231dicimouyem0011-2.jpg,
20131231dicimouyem0005-2.jpg,
20131231dicimouyem0075-2.jpg,
20131231dicimouyem0056-2.jpg,
20131231dicimouyem0197-2.jpg,
20131231dicimouyem0252-2.jpg,
20131231dicimouyem0077-2.jpg,
20131231dicimouyem0065-2.jpg,
20131231dicimouyem0145-2.jpg,
20230419dicimouysm11967.jpg,
20230419dicimouysm11976.jpg,
20230419dicimouysm11974.jpg,
20230419dicimouysm11955.jpg,
20230419dicimouysm11962.jpg,
20230419dicimouysm11956.jpg,
20230419dicimouysm11959.jpg,
20230419dicimouysm11970.jpg,
imf7498.jpg,
imf7565v1.jpg,
imf7504.jpg,
imf7532.jpg,
imf7559.jpg,
imf7538.jpg,
imf7515.jpg,
imf7541.jpg,
20220209dicimouyap0109.jpg,
20220209dicimouyap0148.jpg,
20220209dicimouyap0094.jpg,
20220209dicimouyap0098.jpg,
20220209dicimouyap0114.jpg,
20220209dicimouyap0106.jpg,
20220209dicimouyap0126.jpg,
20220209dicimouyap0143.jpg,
20220209dicimouyap0103.jpg,
20220209dicimouyap0092.jpg,
20220209dicimouyap0136.jpg,
20230703dicimouysm20902.jpg,
20230703dicimouysm21068.jpg,
20230703dicimouysm20868.jpg,
20230703dicimouysm20912.jpg,
20230703dicimouysm20925.jpg,
20230703dicimouysm21075.jpg,
20230703dicimouysm20993.jpg,
20230703dicimouysm21003.jpg,
20230703dicimouysm20985.jpg,
20230703dicimouysm20931.jpg,
20230703dicimouysm21096.jpg,
20230703dicimouysm20900.jpg,
20230703dicimouysm21056.jpg,
20230703dicimouysm21069.jpg,
20230703dicimouysm20978.jpg,
20230703dicimouysm21087.jpg,
20230703dicimouysm21080.jpg,
20230703dicimouysm20943.jpg,
20230703dicimouysm21062.jpg,
20230703dicimouysm21067.jpg,
20230703dicimouysm20877.jpg,
20230703dicimouysm21028.jpg,
20230703dicimouysm20806.jpg,
basurerocelular1.jpg,
basurerocelular2.jpg,
basurerocelular3.jpg,
basurerocelular4.jpg,
20140311dicmouyvc0005.jpg,
20140311dicmouyvc0006.jpg,
20140311dicmouyvc0007.jpg,
20140311dicmouyvc0008.jpg,
20140311dicmouyvc0009.jpg,
20140311dicmouyvc0010.jpg,
20140311dicmouyvc0011.jpg,
20231226dicimouysm0035.jpg,
20231226dicimouysm0024.jpg,
20231226dicimouysm0008.jpg,
20231226dicimouysm0001.jpg,
20231226dicimouysm0022.jpg,
20231226dicimouysm0006.jpg,
20231226dicimouysm0002.jpg,
20231226dicimouysm0026.jpg,
20231226dicimouysm0010.jpg,
20231226dicimouysm0041.jpg,
20231226dicimouysm0019.jpg,
20231226dicimouysm0015.jpg,
20231226dicimouysm0018.jpg,
20231226dicimouysm0029.jpg,
20231226dicimouysm0020.jpg,
20231226dicimouysm0031.jpg,
20231226dicimouysm0005.jpg,
20240305dicimouyaf0003.jpg,
20240305dicimouyaf0005.jpg,
20240305dicimouyaf0007.jpg,
20240305dicimouyaf0009.jpg,
20240305dicimouyaf0010.jpg,
20240305dicimouyaf0011v1.jpg,
20240305dicimouyaf0012v1.jpg,
20240305dicimouyaf0017.jpg,
20240305dicimouyaf0026.jpg,
20240305dicimouyaf0034.jpg,
20240305dicimouyaf0038v1.jpg,
20240305dicimouyaf0042.jpg,
20240305dicimouyaf0049v1.jpg,
20240305dicimouyaf0051.jpg,
20240305dicimouyaf0056.jpg,
20240305dicimouyaf0058.jpg,
20240305dicimouyaf0062.jpg,
20240305dicimouyaf0066.jpg,
20240305dicimouyaf0068v1.jpg,
imf2400.jpg,
imf2322.jpg,
imf2412.jpg,
imf2407.jpg,
imf2364.jpg,
imf2338.jpg,
imf2428.jpg,
imf2390.jpg,
imf2337.jpg,
jfg1212.jpg,
jfg1268.jpg,
jfg1224.jpg,
jfg1231.jpg,
jfg1228.jpg,
jfg1077.jpg,
jfg1080.jpg,
jfg1162.jpg,
jfg1199.jpg,
jfg1181.jpg,
jfg1141.jpg,
jfg1250.jpg,
jfg1287.jpg,
jfg1305.jpg,
jfg1335.jpg,
jfg1263.jpg,
imf2509.jpg,
imf2552.jpg,
imf2564.jpg,
imf2575.jpg,
imf2616.jpg,
imf2642.jpg,
imf2670.jpg,
imf2689.jpg,
jfg2724.jpg,
jfg2742.jpg,
jfg2745.jpg,
jfg2746.jpg,
jfg2748.jpg,
jfg2741.jpg,
jfg2743.jpg,
imf2865.jpg,
imf2873.jpg,
imf2851.jpg,
imf2845.jpg,
imf2884.jpg,
imf2794.jpg,
imf2803.jpg,
imf2859.jpg,
imf2893.jpg,
imf2842.jpg,
imf2784v1.jpg,
imf2992.jpg,
imf3128.jpg,
imf3047.jpg,
imf3094.jpg,
imf3020.jpg,
imf3028.jpg,
imf3156.jpg,
imf3098.jpg,
imf3133.jpg,
imf3043.jpg,
imf3050.jpg,
imf3090.jpg,
imf3087.jpg,
imf3116.jpg,
imf3162.jpg,
imf3006.jpg,
imf3058.jpg,
imf2977.jpg,
imf3165.jpg,
imf3106.jpg,
imf3145.jpg,
imf3161.jpg,
imf2974.jpg,
imf3039.jpg,
imf3013.jpg,
imf3142.jpg,
imf2961.jpg,
imf3151.jpg,
imf3024.jpg,
imf2967.jpg,
imf3119.jpg,
imf2981.jpg,
imf3066.jpg,
imf3017.jpg,
imf3167.jpg,
jfg3562.jpg,
jfg3582.jpg,
jfg3507.jpg,
jfg3581.jpg,
jfg3515.jpg,
jfg3555.jpg,
imf3523.jpg,
imf3404.jpg,
imf3333.jpg,
imf3552.jpg,
imf3496.jpg,
imf3414.jpg,
imf3590.jpg,
imf3442.jpg,
imf3560.jpg,
imf3580.jpg,
imf3529.jpg,
imf3458.jpg,
imf3513.jpg,
imf3473.jpg,
imf3373.jpg,
imf3428.jpg,
jfg3625.jpg,
jfg3651.jpg,
jfg3708.jpg,
jfg3701.jpg,
jfg3693.jpg,
jfg3683.jpg,
jfg3671.jpg,
img1761.jpg,
img1773.jpg,
img1795.jpg,
img1768.jpg,
imf3903.jpg,
imf3837.jpg,
imf3931.jpg,
imf3899.jpg,
imf3844.jpg,
imf3868.jpg,
imf3826.jpg,
imf3911.jpg,
imf3823.jpg,
mascarillamercado1.png,
mascarillamercado2.png,
mascarillamercado3.png,
mascarillamercado4.png,
mascarillamercado5.png,
espaciorecreativosinmotores2.jpg,
espaciorecreativosinmotores3.jpg,
espaciorecreativosinmotores4.jpg,
espaciorecreativosinmotores5.jpg,
espaciorecreativosinmotores7.jpg,
jfg4522.jpg,
jfg4608.jpg,
paseodecompras.jpg,
fotoptic.jpg,
imf4916.jpg,
imf4970.jpg,
imf4937.jpg,
imf4931.jpg,
imf4959.jpg,
imf4953.jpg,
jfg5620.jpg,
jfg5530.jpg,
jfg5463.jpg,
jfg5647.jpg,
jfg5595.jpg,
jfg5510.jpg,
jfg5622.jpg,
jfg5484.jpg,
jfg5557.jpg,
jfg5560.jpg,
jfg5406.jpg,
jfg5500.jpg,
jfg5533.jpg,
jfg5519.jpg,
jfg5575.jpg,
jfg5439.jpg,
jfg5662.jpg,
jfg5502.jpg,
jfg5567.jpg,
jfg5538.jpg,
jfg5664.jpg,
jfg5583.jpg,
jfg5491.jpg,
jfg5627.jpg,
jfg5970.jpg,
jfg6128.jpg,
jfg6306.jpg,
fg8465.jpg,
fg8470.jpg,
fg8493.jpg,
fg8533.jpg,
fg8540.jpg,
fg8552v1.jpg,
fg8584.jpg,
fg8589.jpg,
fg8609.jpg,
20230215dicimouyap0004.jpg,
20230301dicimouyaf0030.jpg,
20230301dicimouyaf0032.jpg,
20230301dicimouyaf0035.jpg,
20230301dicimouyaf0037v1.jpg,
20230301dicimouyaf0038.jpg,
20230301dicimouyaf0040.jpg,
20230301dicimouyaf0044.jpg,
20230301dicimouyaf0045.jpg,
20230301dicimouyaf0048.jpg,
20230301dicimouyaf0050.jpg,
20230301dicimouyaf0051.jpg,
20230301dicimouyaf0052.jpg,
20230301dicimouyaf0054.jpg,
20230301dicimouyaf0055.jpg,
20230301dicimouyaf0057.jpg,
20230301dicimouyaf0058v1.jpg,
20230301_DICIMOUYAF_0039.JPG,
20230303dicimouyap0002.jpg,
20230303dicimouyap0007.jpg,
20230303dicimouyap0010.jpg,
20230303dicimouyap0013.jpg,
20230303dicimouyap0022.jpg,
20230303dicimouyap0025.jpg,
20230303dicimouyap0032.jpg,
20230303dicimouysm4997.jpg,
20230303dicimouysm5005.jpg,
20230303dicimouysm5038.jpg,
20230303dicimouysm5039.jpg,
20230303dicimouysm5076.jpg,
20230303dicimouysm5082.jpg,
20230303dicimouysm5094.jpg,
20230303dicimouysm5101.jpg,
20230303dicimouysm5110.jpg,
20230303dicimouysm5130.jpg,
20230303dicimouysm5139.jpg,
20230303dicimouysm5156.jpg,
20230303dicimouysm5162.jpg,
20230303dicimouysm5186.jpg,
20230303dicimouysm5195.jpg,
20230303dicimouysm5226.jpg,
20230303dicimouysm5253.jpg,
20230303dicimouysm5257.jpg,
20230303dicimouysm5276.jpg,
20230303dicimouysm5283.jpg,
20230303dicimouysm5310.jpg,
20230307dicimouyap0004.jpg,
20230307dicimouyap0048.jpg,
20230307dicimouyap0060.jpg,
20230307dicimouyap0088.jpg,
20230307dicimouyap0092.jpg,
20230307dicimouyap0097.jpg,
20230307dicimouyap0110.jpg,
20230307dicimouyap0112.jpg,
20230307dicimouyap0122.jpg,
20230307dicimouyap0124.jpg,
20230307dicimouyap0131.jpg,
20230307dicimouyap0150.jpg,
20230307dicimouyap0161.jpg,
20230307dicimouyap0186.jpg,
20230307dicimouyap0196.jpg,
20230307dicimouyap0209.jpg,
20230307dicimouyap0224.jpg,
20230307dicimouyap0243.jpg,
20230307dicimouyap0272.jpg,
20230307dicimouysm6074.jpg,
20230307dicimouysm6076.jpg,
20230307dicimouysm6078.jpg,
20230307dicimouysm6084.jpg,
20230307dicimouyvc0015.jpg,
20230307dicimouyvc0018.jpg,
20230307dicimouyvc0028.jpg,
20230307dicimouyvc0030.jpg,
20230307dicimouyvc0031.jpg,
20230307dicimouyvc0034.jpg,
20230307dicimouyvc0047.jpg,
20230307dicimouyvc0054.jpg,
20230307dicimouyvc0059.jpg,
20230307dicimouyvc0062.jpg,
20230308dicimouyap0001.jpg,
20230308dicimouyap0002.jpg,
20230308dicimouyap0009.jpg,
20230308dicimouyap0015.jpg,
20230308dicimouyap0020.jpg,
20230308dicimouyap0025.jpg,
20230308dicimouyap0036.jpg,
20230308dicimouyap0040.jpg,
20230308dicimouysm6091.jpg,
20230308dicimouysm6097.jpg,
20230308dicimouysm6104.jpg,
20230308dicimouysm6108.jpg,
20230308dicimouysm6130.jpg,
20230308dicimouysm6138.jpg,
20230308dicimouysm6149.jpg,
20230308dicimouysm6157.jpg,
20230308dicimouysm6186.jpg,
20230308dicimouysm6197.jpg,
20230308dicimouysm6256.jpg,
20230308dicimouysm6272.jpg,
20230308dicimouysm6293.jpg,
20230308dicimouysm6304.jpg,
20230308dicimouysm6332.jpg,
20230308dicimouysm6365.jpg,
20230308dicimouysm6374.jpg,
20230308dicimouysm6383.jpg,
20230308dicimouysm6401.jpg,
20230308dicimouysm6403.jpg,
20230308dicimouysm6410.jpg,
20230308dicimouysm6421.jpg,
20230308dicimouysm6478.jpg,
20230308dicimouysm6482.jpg,
20230308dicimouyvc0001-2.jpg,
20230308dicimouyvc0002-2.jpg,
20230308dicimouyvc0004-2.jpg,
20230308dicimouyvc0006-2.jpg,
20230316dicimouysm7811.jpg,
20230316dicimouysm7813.jpg,
20230316dicimouysm7821.jpg,
20230316dicimouysm7822.jpg,
20230316dicimouysm7829.jpg,
20230316dicimouysm7830.jpg,
20230316dicimouysm7852.jpg,
20230316dicimouysm7856.jpg,
20230316dicimouysm7860.jpg,
20230317dicimouysm7915.jpg,
20230317dicimouysm7931.jpg,
20230317dicimouysm7938.jpg,
20230317dicimouysm7963.jpg,
20230317dicimouysm7982.jpg,
20230317dicimouysm7997.jpg,
20230317dicimouysm8002.jpg,
20230317dicimouysm8042.jpg,
20230317dicimouysm8061.jpg,
20230317dicimouysm8085.jpg,
20230317dicimouysm8101.jpg,
20230317dicimouysm8123.jpg,
20230317dicimouysm8127.jpg,
20230317dicimouysm8136.jpg,
20230317dicimouysm8151.jpg,
20230317dicimouysm8156.jpg,
20230317dicimouysm8172.jpg,
20230317dicimouysm8178.jpg,
20230317dicimouysm8212.jpg,
20230317dicimouysm8215.jpg,
20230317dicimouysm8234.jpg,
20230317dicimouysm8242.jpg,
20230317dicimouysm8246.jpg,
20230317dicimouysm8250.jpg,
20230317dicimouysm8252.jpg,
20230317dicimouysm8257.jpg,
20230317dicimouysm8264.jpg,
20230317dicimouysm8282.jpg,
20230317dicimouysm8294.jpg,
20230317dicimouysm8299.jpg,
20230317dicimouysm8312.jpg,
20230317dicimouysm8316.jpg,
20230317dicimouysm8321.jpg,
20230317dicimouysm8330.jpg,
20230317dicimouysm8355.jpg,
20230317dicimouysm8357.jpg,
20230317dicimouysm8416.jpg,
20230317dicimouysm8423.jpg,
20240301dicimouysm8138.jpg,
20240301dicimouysm8160.jpg,
20240301dicimouysm8172.jpg,
20240301dicimouysm8185.jpg,
20240301dicimouysm8190.jpg,
20240301dicimouysm8209.jpg,
20240301dicimouysm8232.jpg,
20240301dicimouysm8270.jpg,
20240301dicimouysm8306.jpg,
20240301dicimouysm8312.jpg,
20240301dicimouysm8318.jpg,
20240301dicimouysm8334.jpg,
20240301dicimouysm8359.jpg,
20240301dicimouysm8378.jpg,
20240301dicimouysm8393.jpg,
20240301dicimouysm8398.jpg,
20211223dicimouysm0016.jpg,
20211223dicimouysm0019.jpg,
20211223dicimouysm0041.jpg,
20211223dicimouysm0048.jpg,
20211223dicimouysm0051.jpg,
20211223dicimouysm0056.jpg,
20211223dicimouysm0062.jpg,
20211223dicimouysm0075.jpg,
20220105dicimouyaf0086.jpg,
20220105dicimouyaf0029.jpg,
20220105dicimouyaf0036.jpg,
20220105dicimouyaf0105.jpg,
20220105dicimouyaf0072.jpg,
20220105dicimouyaf0076.jpg,
20220105dicimouyaf0058.jpg,
20220105dicimouyaf0016.jpg,
20220105dicimouyaf0048.jpg,
20210514dicimouyaf0255.jpg,
20210514dicimouyaf0305.jpg,
20210514dicimouyaf0350.jpg,
20210514dicimouyaf0266.jpg,
20210514dicimouyaf0257.jpg,
20210514dicimouyaf0371.jpg,
20210514dicimouyaf0247.jpg,
20210514dicimouyaf0354.jpg,
20210514dicimouyaf0320.jpg,
20210514dicimouyaf0330.jpg,
20210514dicimouyaf0368.jpg,
20210514dicimouyaf0277.jpg,
imf5881.jpg,
imf5900.jpg,
imf5930.jpg,
imf5967.jpg,
imf5973.jpg,
imf5988.jpg,
imf7552.jpg,
jfg1836.jpg,
jfg1851.jpg,
jfg1901.jpg,
jfg1824.jpg,
jfg2028.jpg,
jfg2050.jpg,
jfg1855.jpg,
jfg1929.jpg,
jfg1979.jpg,
jfg1819.jpg,
jfg1880.jpg,
jfg1869.jpg,
jfg1845.jpg,
jfg1825.jpg,
jfg1813.jpg,
jfg1914.jpg,
jfg2043.jpg,
jfg1916.jpg,
jfg2004.jpg,
jfg1794.jpg,
jfg1940.jpg,
jfg1939.jpg,
jfg1830.jpg,
jfg1784.jpg,
jfg1933.jpg,
jfg1905.jpg,
jfg1898.jpg,
jfg1774.jpg,
jfg1827.jpg,
jfg1799.jpg,
dsc0347.jpg,
dsc0360.jpg,
nic0719.jpg,
nic0704.jpg,
nic0702.jpg,
nic0733.jpg,
nic0757.jpg,
nic0769.jpg,
art2892.jpg,
art2887.jpg,
dsc1397.jpg,
dsc1399.jpg,
dsc1400.jpg,
dsc1404.jpg,
20230719dicimouyit0010.jpg,
20230719dicimouyit0011.jpg,
20230719dicimouyit0012.jpg,
20230719dicimouyit0013.jpg,
20230719dicimouyit0014.jpg,
20230719dicimouyit0015.jpg,
20230719dicimouyit0016.jpg,
20230719dicimouyit0017.jpg,
20230719dicimouyit0018.jpg,
20230901dicimouyap0012.jpg,
20230901dicimouyap0003.jpg,
20230901dicimouyap0056.jpg,
20230901dicimouyap0029.jpg,
20230901dicimouyap0033.jpg,
20230901dicimouyap0041.jpg,
20230901dicimouyap0016.jpg,
20230901dicimouyap0049.jpg,
20230901dicimouyap0026.jpg,
20230901dicimouyap0069.jpg,
20231121dicimouyplr0011.jpg,
20231121dicimouyplr0031.jpg,
20231121dicimouyplr0003.jpg,
20231121dicimouyplr0016.jpg,
20231121dicimouyplr0033.jpg,
20231121dicimouyplr0041.jpg,
20231121dicimouyplr0020.jpg,
00470fmcdi.jpg,
00458fmcdi.jpg,
00460fmcdi.jpg,
00463fmcdi.jpg,
00464fmcdi.jpg,
00465fmcdi.jpg,
00466fmcdi.jpg,
00467fmcdi.jpg,
00471fmcdi.jpg,
00473fmcdi.jpg,
00477fmcdi.jpg,
00478fmcdi.jpg,
00479fmcdi.jpg,
00482fmcdi.jpg,
20231201dicimouysm1056.jpg,
20231201dicimouysm1054.jpg,
20231201dicimouysm1074.jpg,
20231201dicimouysm1058.jpg,
20231201dicimouysm1063.jpg,
20231201dicimouysm1065.jpg,
20231226dicimouyaf0005.jpg,
20231226dicimouyaf0001.jpg,
20140101dicimouysm1008.jpg,
20140101dicimouysm1022.jpg,
20140101dicimouysm1048.jpg,
20140101dicimouysm1054.jpg,
20140101dicimouysm1018.jpg,
20140101dicimouysm1097.jpg,
20140101dicimouysm1014.jpg,
20140101dicimouysm1015.jpg,
20140101dicimouysm1020.jpg,
20140101dicimouysm1066.jpg,
20140101dicimouysm1028.jpg,
mg0374.jpg,
mg0443.jpg,
mg0496.jpg,
mg0430.jpg,
mg0448.jpg,
mg0372.jpg,
mg0441.jpg,
mg0398.jpg,
gm-0680.jpg,
mg-0794.jpg,
mg-0797.jpg,
mg-7854.jpg,
mg0399.jpg,
mg0510.jpg,
mg-0784.jpg,
mg-0789.jpg,
imf01155.jpg,
imf01196.jpg,
imf01200v1.jpg,
